{
  "name": "autumn-breeze",
  "description": "Reference profile generated from image_1.webp",
  "createdAt": "2026-01-26T07:54:52.013Z",
  "sourceImage": "image_1.webp",
  "stats": {
    "average": {
      "r": 108.97953757851418,
      "g": 109.00771063461121,
      "b": 96.69501841022308
    },
    "min": {
      "r": 14,
      "g": 16,
      "b": 4
    },
    "max": {
      "r": 255,
      "g": 255,
      "b": 255
    },
    "exposure": 108.11274466428416,
    "percentiles": {
      "p5": 32,
      "p50": 99,
      "p95": 213
    },
    "lab": {
      "meanL": 44.75412374451842,
      "meanA": -1.7440974152753763,
      "meanB": 6.727846031805858,
      "stdL": 23.256426371873637,
      "stdA": 8.142270941580723,
      "stdB": 10.583063081454288
    },
    "zones": {
      "shadows": {
        "r": 44.03428777004963,
        "g": 43.985074626865675,
        "b": 42.99949264800841
      },
      "midtones": {
        "r": 121.18866892552712,
        "g": 119.2651256355942,
        "b": 107.4564551341179
      },
      "highlights": {
        "r": 206.4429895379443,
        "g": 215.9701400101745,
        "b": 174.09238902037114
      }
    },
    "contrast": 57.66534074523679,
    "saturation": 13.352819937082598
  }
}